{
  "badge": {
    "color": "#fe7d37",
    "label": "coverage",
    "message": "58.1%"
  },
  "reports": [
    {
      "branch_rate": 46.33002207505519,
      "branches_covered": 1679,
      "branches_valid": 3624,
      "line_rate": 61.364724660814055,
      "lines_covered": 7689,
      "lines_valid": 12530,
      "name": "coverage-python"
    },
    {
      "branch_rate": 31.68802908473317,
      "branches_covered": 11941,
      "branches_valid": 37683,
      "line_rate": 56.31722117597824,
      "lines_covered": 13457,
      "lines_valid": 23895,
      "name": "coverage-cpp"
    }
  ],
  "total": {
    "branch_rate": 32.97261965284334,
    "branches_covered": 13620,
    "branches_valid": 41307,
    "line_rate": 58.05353466026081,
    "lines_covered": 21146,
    "lines_valid": 36425,
    "name": "total"
  }
}
